Ligand,Binding Affinity,rmsd/ub, rmsd/lb
7MBY_V317A_134694162_uff_E=2047.93,-7.2,0.0,0.0
7MBY_V317A_134694162_uff_E=2047.93,-7.0,9.237,3.892
7MBY_V317A_134694162_uff_E=2047.93,-7.0,9.495,3.335
7MBY_V317A_134694162_uff_E=2047.93,-6.9,10.303,4.668
7MBY_V317A_134694162_uff_E=2047.93,-6.9,9.555,4.726
7MBY_V317A_134694162_uff_E=2047.93,-6.9,8.502,3.674
7MBY_V317A_134694162_uff_E=2047.93,-6.8,9.596,2.907
7MBY_V317A_134694162_uff_E=2047.93,-6.8,9.078,3.332
7MBY_V317A_134694162_uff_E=2047.93,-6.8,8.151,3.181
